GW,Remark
mtv5-mda1-cibb-gw1,CIBB
sfo12-cibb-gw2,CIBB
sjc18-lab-gw2,Lab
sjc22-lab-gw2,Lab
sjc22-lab-gw1,Lab
sjc18-lab-gw1,Lab
tyoidc5-cp-pxtr1-gw2,PXTR
clg5-lab-gw1,Lab
clg5-lab-gw2,Lab
sjc12-cp-mgre1-gw1,MGRE
cjs04-lab-gw1,Lab
wnp02-lab-gw1,Lab
mxc-14-lab-gw1,Lab
bnt01-lab-gw1,Lab
lma1-lab-gw1,Lab
bla-lab-gw1,Lab
sjocr02-lab-gw1,Lab
mxc10-lab-gw2,Lab
mxc10-lab-gw1,Lab
snt03-lab-gw1,Lab
alln01-mda2-cp-pxtr1-gw2,PXTR
alln01-mda1-cibb-gw3,CIBB
rcdn9-cd1-cp-mgre1-gw1,MGRE
alln01-mda2-dmzaas-gw2,Lab
alln01-mda1-cp-pxtr1-gw1,PXTR
alln01-mda2-cibb-gw4,CIBB
ast04-lab-gw1,Lab
alln01-lab-gw1,Lab
alln01-mda1-dmzaas-gw1,Lab
rcdn9-cd2-cp-mgre1-gw2,MGRE
rcdn5-lab-sipt-sw1,Lab
bgt2-lab-gw1,Lab
rcdn5-lab-gw1,Lab
ast09-lab-gw2,Lab
ast09-lab-gw1,Lab
glj3-lab-gw1,Lab
bua2-lab-gw1,Lab
spl1-lab-gw1,Lab
ast04-cibb-gw2,CIBB
rcdn9-sdfc-dmzvaas-gw2,Lab
rcdn9-sdfa-dmzvaas-gw1,Lab
rcdn5-lab-gw2,Lab
ast04-cibb-gw1,CIBB
rcdn6-lab-gw2,Lab
rcdn9-sdfa-dmzvlab-gw1,Lab
rcdn6-lab-gw1,Lab
rcdn5-cibb-gw1,CIBB
rcdn9-cd2-lab-gw2,Lab
rcdn9-cd1-lab-gw1,Lab
rcdn5-dmzlab-gw2,Lab
rcdn9-cd2-dmzaas-gw2,Lab
rcdn9-cd1-dmzaas-gw1,Lab
lion3-pl-lab-gw1,Lab
ntn01-lab-gw1,Lab
ntn01-lab-gw2,Lab
mtl02-lab-gw1,Lab
hal01-lab-gw1,Lab
ntn01-cp-pxtr1-gw1,PXTR
bos02-lab-gw1,Lab
nyc1-lab-gw1,Lab
nyc1-lab-gw2,Lab
awn01-lab-gw1,Lab
ntn01-cp-pxtr1-gw2,PXTR
ott02-lab-gw1,Lab
ott01-lab-gw1,Lab
bxb23-lab-gw1,Lab
cai02-lab-gw1,Lab
bxb23-lab-gw2,Lab
cas02-lab-gw1,Lab
ryd4-lab-gw1,Lab
waw02-lab-gw1,Lab
man3-lab-gw1,Lab
lys01-lab-gw1,Lab
vnaa-lab-gw1,Lab
got-lab-gw1,Lab
dgm3-lab-gw2,Lab
prg5-lab-gw1,Lab
muc07-lab-gw1,Lab
dgm2-lab-gw2,Lab
vbn02-lab-gw1,Lab
krk07-lab-gw2,Lab
bts05-lab-gw1,Lab
lys01-cibb-gw1,CIBB
ist2-lab-gw1,Lab
sof7-lab-gw2,Lab
cae02-lab-gw1,Lab
zgr02-lab-gw1,Lab
brc2-lab-gw2,Lab
ams5-lab-gw1,Lab
prg5-lab-gw2,Lab
stk03-lab-gw2,Lab
vbn02-lab-gw2,Lab
bonn01-lab-gw1,Lab
ath01-lab-gw1,Lab
dblir3-lab-gw1,Lab
cae02-lab-gw2,Lab
lys01-lab-gw2,Lab
brc2-lab-gw1,Lab
mhm03-lab-gw1,Lab
ibm3-bg-lab-gw1,Lab
los03-lab-gw1,Lab
ibm3-bg-lab-gw2,Lab
dgm2-lab-gw3,Lab
mdr1-lab-gw1,Lab
dgm2-lab-gw1,Lab
dlf1-lab-gw1,Lab
dgm-lab-gw1,Lab
krk07-lab-gw1,Lab
lys01-cibb-gw2,CIBB
est1-jo-lab-gw1,Lab
est1-jo-lab-gw2,Lab
stk03-lab-gw1,Lab
dgm3-lab-gw1,Lab
vmct04-lab-gw1,Lab
ala03-lab-gw1,Lab
krk02-lab-gw1,Lab
aer01-mda1-cp-pxtr1-gw1,PXTR
sof7-lab-gw1,Lab
amm02-lab-gw1,Lab
krk04-lab-gw1,Lab
lon11-cibb-gw2,CIBB
doh03-lab-gw1,Lab
sykes1-co-lab-gw1,Lab
els01-lab-gw1,Lab
wlsn01-lab-gw1,Lab
loncaf-cp-pxtr1-gw1,PXTR
lju02-lab-gw1,Lab
vmct05-lab-gw2,Lab
loncaf-cp-pxtr1-gw2,PXTR
lon11-cibb-gw1,CIBB
tun03-lab-gw1,Lab
cph06-lab-gw1,Lab
rol01-lab-gw1,Lab
stk06-lab-gw1,Lab
beg02-lab-gw1,Lab
aer01-mda1-lab-gw1,Lab
aer01-mda2-cp-pxtr1-gw2,PXTR
stk06-lab-gw2,Lab
aer01-mda2-lab-gw2,Lab
lon06-lab-gw1,Lab
musc01-lab-gw1,Lab
sof2-lab-gw1,Lab
vmct05-lab-gw1,Lab
rom2-lab-gw1,Lab
gpk03-lab-gw1,Lab
els01-cibb-gw2,CIBB
aer01-mda2-cp-mgre1-gw2,MGRE
fkf3-lab-gw1,Lab
gpk03-cibb-gw1,CIBB
fkf3-lab-gw2,Lab
gpk03-cibb-gw2,CIBB
aer01-mda1-cp-mgre1-gw1,MGRE
gpk03-lab-gw2,Lab
lon07-lab-gw1,Lab
dbi03-lab-gw1,Lab
bcr2-lab-gw1,Lab
kjk04-lab-gw1,Lab
nue01-lab-gw1,Lab
nbo03-lab-gw1,Lab
bud01-lab-gw1,Lab
stg02-lab-gw1,Lab
kwi01-lab-gw1,Lab
gwy03-lab-gw1,Lab
ips02-lab-gw1,Lab
rtp1-mda2-cibbfo-sw1,CIBB
rtp1-mda2-cibbfo-sw2,CIBB
sjc20-cz-sdlab-gw1,Lab
hrn6-lab-gw1,Lab
hkg1-lab-gw2,Lab
rtp1-mda2-cibb-fw1,CIBB
sjc21-cz-sdlab-gw2,Lab
sjc20-cz-sdlab-gw2,Lab
rtp1-mda2-cibb-fw1,CIBB
tpe02-lab-gw1,Lab
sjc21-cz-sdlab-gw1,Lab
hkg1-lab-gw1,Lab
hrn6-lab-gw2,Lab
atl-lab-gw1,Lab
rtp1-mda2-cibb-wan-gw2,CIBB
rtp1-mda2-cibb-wan-gw1,CIBB
rtp10-cd-cp-mgre1-gw1,MGRE
lwr01-lab-gw1,Lab
rtp7-cibb-gw1,CIBB
rtp10-cd-cp-pxtr1-gw1,PXTR
bjn6-lab-gw1,Lab
lwr01-lab-gw2,Lab
rtp1-mda2-cibb-fw1-ironport,CIBB
knv-lab-gw1,Lab
bjn6-lab-gw2,Lab
knv3-cibb-gw2,CIBB
knv3-cibb-gw1,CIBB
stld1-mda1-cp-mgre1-gw1,MGRE
stld1-mda2-cp-mgre1-gw2,MGRE
csb04-lab-gw2,Lab
csb04-lab-gw1,Lab
blndc01-lab-gw2,Lab
blndc01-lab-gw1,Lab
rtp5-dmzvlab-gw1,Lab
ann01-lab-gw1,Lab
shnidc-cp-pxtr1-gw2,PXTR
mrd01-lab-gw2,Lab
mrd01-lab-gw1,Lab
mim1-lab-gw1,Lab
shnidc-cp-pxtr1-gw1,PXTR
esp02-lab-gw1,Lab
prg7-lab-gw2,Lab
prg7-lab-gw1,Lab
alp03-lab-gw2,Lab
rtp10-cd-dmzvlab-gw1,Lab
sngidc-cp-pxtr1-gw2,PXTR
rtp1-mda1-cp-mgre1-gw1,MGRE
alp03-lab-gw1,Lab
cgn03-lab-gw2,Lab
wdf02-lab-gw1,Lab
cgn03-lab-gw1,Lab
rtp10-cd-dmzaas-gw1,Lab
chn09-lab-gw2,Lab
chn09-lab-gw1,Lab
chg12-lab-gw2,Lab
chg12-cibb-gw1,CIBB
chg12-cibb-gw2,CIBB
chg12-lab-gw1,Lab
tul04-lab-gw2,Lab
tul04-lab-gw1,Lab
sjc05-cp-mgre1-gw1,MGRE
hcl7-in-lab-gw1,Lab
hcl7-in-lab-gw2,Lab
sngidc-cp-pxtr1-gw1,PXTR
hbg-lab-gw1,Lab
rtp5-cibb-gw1,CIBB
trn6-lab-gw1,Lab
trn6-lab-gw2,Lab
rtp7-lab-gw1,Lab
ful01-lab-gw2,Lab
ful01-lab-gw1,Lab
wshdc02-lab-gw1,Lab
rtp3-lab-gw1,Lab
rtp10-00-lab-gw2,Lab
rtp9-lab-gw1,Lab
rtp4-00-lab-gw2,Lab
rtp2-lab-gw1,Lab
sla01-lab-gw2,Lab
rtp1-lab-gw1,Lab
rtp12-00-lab-gw2,Lab
rtp1-lab-gw2,Lab
rtp12-00-lab-gw1,Lab
rtp6-lab-gw2,Lab
sla01-lab-gw1,Lab
rtp6-lab-gw1,Lab
rtp9-lab-gw2,Lab
rtp11-lab-gw1,Lab
sykes2-cr-lab-gw1,Lab
req02-lab-gw1,Lab
sol2-lab-gw1,Lab
sea1-lab-gw1,Lab
rtp5-lab-gw1,Lab
rtp11-lab-gw2,Lab
rtp1-mda1-cp-pxtr1-gw1,PXTR
rtp7-lab-gw2,Lab
rtp8-lab-gw2,Lab
embsys2-in-lab-gw2,Lab
embsys2-in-lab-gw1,Lab
sngidc-dmzvlab-gw1,Lab
sngidc-dmzvlab-gw2,Lab
pen3-lab-gw1,Lab
pen3-lab-gw2,Lab
jkt05-lab-gw2,Lab
jkt05-lab-gw1,Lab
rtp1-dmzvaas-gw1,Lab
rtp7-dmzvaas-gw1,Lab
ful01-fw1,Lab
rtp5-dmzlab-gw1,Lab
rtp8-lab-gw1,Lab
req01-lab-gw1,Lab
rtp1-dmzlab-gw1,Lab
rtp11-dmzlab-gw1,Lab
csv-lab-gw1,Lab
atl11-lab-gw2,Lab
atl11-lab-gw1,Lab
ors03-lab-gw2,Lab
cwy01-lab-gw1,Lab
ors03-lab-gw1,Lab
cwy01-lab-gw2,Lab
gai03-lab-gw2,Lab
bel01-lab-gw2,Lab
bel01-lab-gw1,Lab
aar02-lab-gw1,Lab
bln2-lab-gw2,Lab
gai03-lab-gw1,Lab
bln2-lab-gw1,Lab
tyoidc5-cp-pxtr1-gw1,PXTR
twl03-lab-gw1,Lab
mil01-lab-gw1,Lab
mil01-lab-gw2,Lab
schp01-lab-gw1,Lab
bgl16-00-lab-gw1,Lab
argrp4-in-lab-gw1,Lab
wpr2-in-lab-gw1,Lab
bgl16-00-lab-gw2,Lab
argrp4-in-lab-gw2,Lab
bgl17-cp-mgre1-gw1,MGRE
argrp1-in-lab-gw1,Lab
mtc2-in-lab-gw1,Lab
bgl13-lab-gw2,Lab
bgl13-cp-pxtr1-gw1,PXTR
bgl13-cibb-gw1,CIBB
bgl17-cp-pxtr1-gw1,PXTR
bgl13-lab-gw1,Lab
bgl17-cibb-gw1,CIBB
pnq05-lab-gw2,Lab
pnq05-lab-gw1,Lab
hcl14-in-lab-gw1,Lab
hcl14-in-lab-gw2,Lab
bgl18-00-lab-gw1,Lab
cmb03-lab-gw1,Lab
infy9-in-lab-gw1,Lab
bgl13-cp-mgre1-gw1,MGRE
bgl14-00-lab-gw1,Lab
bgl18-00-lab-gw2,Lab
bgl14-00-lab-gw2,Lab
chn08-lab-gw1,Lab
ggn01-lab-gw1,Lab
ggn01-lab-gw2,Lab
bgl26-lab-gw1,Lab
shn15-lab-gw1,Lab
argrp5-in-lab-gw1,Lab
bgl17-00-lab-gw1,Lab
bgl17-00-lab-gw2,Lab
wpr8-in-lab-gw1,Lab
hcl19-in-lab-gw2,Lab
hcl19-in-lab-gw1,Lab
bgl11-00-lab-gw2,Lab
bgl11-00-lab-gw1,Lab
bgl12-00-lab-gw1,Lab
mmb12-lab-gw1,Lab
mmb12-lab-gw2,Lab
bgl12-00-lab-gw2,Lab
kul02-lab-gw1,Lab
bgl15-00-lab-gw1,Lab
bgl15-00-lab-gw2,Lab
hcl17-in-lab-gw1,Lab
hcl17-in-lab-gw2,Lab
bng02-lab-gw1,Lab
hgh06-ext-lab-gw2,Lab
hgh06-ext-lab-gw1,Lab
sngdc01-mda2-cibb-gw2,CIBB
sngdc01-mda1-cibb-gw1,CIBB
akl02-lab-gw1,Lab
mel03-lab-gw1,Lab
tky7-lab-gw1,Lab
hgh05-lab-gw1,Lab
shn4-cibb-gw1,CIBB
shn15-lab-gw2,Lab
shn6-lab-gw1,Lab
shn7-lab-gw2,Lab
tky7-lab-gw2,Lab
ngo1-lab-gw1,Lab
sng15-lab-gw1,Lab
shn7-lab-gw1,Lab
shn4-lab-gw2,Lab
shn4-cibb-gw2,CIBB
shn4-lab-gw1,Lab
sng15-lab-gw2,Lab
prt3-lab-gw1,Lab
nsd5-lab-gw2,Lab
nsd5-lab-gw1,Lab
cbr04-lab-gw1,Lab
foxc1-cn-lab-gw1,Lab
gng03-lab-gw1,Lab
hfe02-lab-gw1,Lab
hfe02-lab-gw2,Lab
tky7-cibb-gw2,CIBB
tky7-cibb-gw1,CIBB
stld1-lab-gw2,Lab
stld1-lab-gw1,Lab
szn04-lab-gw1,Lab
szn05-lab-gw1,Lab
wln2-lab-gw1,Lab
hni05-lab-gw1,Lab
dlc02-lab-gw1,Lab
dlc02-lab-gw2,Lab
fka1-lab-gw1,Lab
osk04-lab-gw1,Lab
brb05-lab-gw1,Lab
sngdc01-mda2-dmzaas-gw2,Lab
sngdc01-mda1-dmzaas-gw1,Lab
mnl02-lab-gw1,Lab
shn17-lab-gw1,Lab
shn17-lab-gw2,Lab
svta01-lab-gw1,Lab
yer03-lab-gw1,Lab
sjc23-lab-gw2,Lab
sjc21-lab-gw1,Lab
sjc20-cibb5-gw1,CIBB
sjc20-lab-gw1,Lab
sjcp-lab-gw2,Lab
sjc23-lab-gw1,Lab
sjc24-lab-gw1,Lab
sjc21-lab-gw2,Lab
sjc24-lab-gw2,Lab
sjc20-lab-gw2,Lab
sjcp-lab-gw1,Lab
bvw01-lab-gw1,Lab
sea1-lab-gw2,Lab
vnc2-lab-gw1,Lab
sjc5-cibbfo-sw2,CIBB
sjc5-cibbfo-sw1,CIBB
sjc5-cibb-wan-gw1,CIBB
sjc5-cibb-fw1,CIBB
wlt06-lab-gw2,Lab
sjc12-dmzvaas-gw1,Lab
sjc05-dmzvaas-gw1,Lab
blv-lab-gw1,Lab
wlt06-lab-gw1,Lab
sjc5-cibb-fw1-ironport,CIBB
sjc12-cibb4-gw1,CIBB
sjc5-cibb-wan-gw2,CIBB
sjc12-lab-gw1,Lab
sjc12-cp-pxtr1-gw1,PXTR
sfo12-cibb-gw1,CIBB
sjc5-cibb4-gw1,CIBB
sjc05-cp-pxtr1-gw1,PXTR
sjc02-lab-gw1,Lab
sjc14-lab-gw1,Lab
sjc16-lab-gw1,Lab
sjc11-lab-gw1,Lab
sjc08-lab-gw1,Lab
sjc03-lab-gw1,Lab
sjc01-lab-gw1,Lab
sjc5-cibb4-gw2,CIBB
sjc15-lab-gw2,Lab
sjc09-lab-gw1,Lab
sjc07-lab-gw1,Lab
sjc17-lab-gw1,Lab
sjc13-lab-gw1,Lab
sjc06-lab-gw2,Lab
sjc04-lab-gw1,Lab
sjc15-lab-gw1,Lab
sjc19-lab-gw1,Lab
sjc10-lab-gw1,Lab
sjc04-lab-gw2,Lab
sjc16-lab-gw2,Lab
sjc14-lab-gw2,Lab
sjc03-lab-gw2,Lab
sjc13-lab-gw2,Lab
sjc05-lab-gw2,Lab
sjc06-lab-gw1,Lab
sjc02-lab-gw2,Lab
sjc01-lab-gw2,Lab
sjc05-lab-gw1,Lab
sjc09-lab-gw2,Lab
sjc12-cibb4-gw2,CIBB
sjc10-lab-gw2,Lab
sjc19-lab-gw2,Lab
sjc08-lab-gw2,Lab
sjc12-lab-gw2,Lab
sjc07-lab-gw2,Lab
sjc17-lab-gw2,Lab
csb03-lab-gw1,Lab
syc02-lab-gw1,Lab
cosm02-lab-gw1,Lab
sprg01-lab-gw2,Lab
irv8-lab-gw1,Lab
csb03-lab-gw2,Lab
lux1-lab-gw1,Lab
rtp5-lab-gw2,Lab
rtp4-00-lab-gw1,Lab
bgl17-dmzvlab-gw1,Lab
bgl13-dmzaas-gw1,Lab
bgl17-dmzaas-gw1,Lab
bgl25-lab-gw1,Lab
rcdn6-cibb-gw1,CIBB
sprg01-lab-gw1,Lab
sjc23-cibb5-gw1,CIBB
par03-lab-gw2,Lab
par03-lab-gw1,Lab
bdlk11-cibb-gw1,CIBB
bdlk09-00-lab-gw1,Lab
bdlk10-31-lab-gw1,Lab
bdlk09-12-lab-gw1,Lab
bdlk09-cibb-gw1,CIBB
bdlk10-00-lab-gw1,Lab
bdlk09-00-lab-gw2,Lab
bdlk11-00-lab-gw2,Lab
bdlk11-00-lab-gw1,Lab
rtp10-00-lab-gw1,Lab
rtp5-dmzaas-gw1,Lab
lon06-cibb-gw1,CIBB
els01-cibb-gw1,CIBB
mtv5-mda2-cibb-gw2,CIBB
sjc05-dmzvlab-gw1,Lab
sjc5-cibb-fw2-ironport,CIBB
sjc5-cibb-fw2,CIBB
rtp1-mda2-cibb-fw2,CIBB
rtp1-mda2-cibb-fw2-ironport,CIBB
rtp1-mda2-cibb-fw2-latisys,CIBB
