GW,Remark
aar02-lab-gw1,AER
aer01-mda1-lab-gw1,AER
aer01-mda2-lab-gw2,AER
akl02-lab-gw1,SNGIDC
ala03-lab-gw1,AER
alln01-lab-gw1,ALLN
alln01-mda1-dmzaas-gw1,ALLN
alln01-mda2-dmzaas-gw2,ALLN
alp03-lab-gw1,RTP
alp03-lab-gw2,RTP
amm02-lab-gw1,Unknown Host
ams5-lab-gw1,AMS
ann01-lab-gw1,RTP
argrp1-in-lab-gw1,BGL
argrp4-in-lab-gw1,Unknown Host
argrp4-in-lab-gw2,Unknown Host
argrp5-in-lab-gw1,BGL
ast04-lab-gw1,ALLN
ast09-lab-gw1,ALLN
ast09-lab-gw2,ALLN
ath01-lab-gw1,AER
atl-lab-gw1,
atl11-lab-gw1,RTP
atl11-lab-gw2,RTP
awn01-lab-gw1,RTP
bcr2-lab-gw1,AER
bdlk09-00-lab-gw1,LONCAF
bdlk09-00-lab-gw2,LONCAF
bdlk09-12-lab-gw1,LONCAF
bdlk10-00-lab-gw1,LONCAF
bdlk10-31-lab-gw1,LONCAF
bdlk11-00-lab-gw1,LONCAF
bdlk11-00-lab-gw2,LONCAF
beg02-lab-gw1,AER
bel01-lab-gw1,LONCAF
bel01-lab-gw2,LONCAF
bgl11-00-lab-gw1,BGL
bgl11-00-lab-gw2,BGL
bgl12-00-lab-gw1,BGL
bgl12-00-lab-gw2,BGL
bgl13-dmzaas-gw1,Unknown Host
bgl13-lab-gw1,BGL
bgl13-lab-gw2,BGL
bgl14-00-lab-gw1,BGL
bgl14-00-lab-gw2,BGL
bgl15-00-lab-gw1,BGL
bgl15-00-lab-gw2,BGL
bgl16-00-lab-gw1,BGL
bgl16-00-lab-gw2,BGL
bgl17-00-lab-gw1,BGL
bgl17-00-lab-gw2,BGL
bgl17-dmzaas-gw1,Unknown Host
bgl17-dmzvlab-gw1,Unknown Host
bgl18-00-lab-gw1,BGL
bgl18-00-lab-gw2,BGL
bgl25-lab-gw1,Unknown Host
bgl26-lab-gw1,BGL
bgt2-lab-gw1,RTP
bjn6-lab-gw1,SHNIDC
bjn6-lab-gw2,SHNIDC
bla-lab-gw1,RTP
bln2-lab-gw1,AER
bln2-lab-gw2,AER
blndc01-lab-gw1,AER
blndc01-lab-gw2,AER
blv-lab-gw1,SJC
bng02-lab-gw1,SNGIDC
bnt01-lab-gw1,ALLN
bonn01-lab-gw1,AER
bos02-lab-gw1,RTP
brb05-lab-gw1,SNGIDC
brc2-lab-gw1,AER
brc2-lab-gw2,AER
bts05-lab-gw1,AER
bua2-lab-gw1,RTP
bud01-lab-gw1,AER
bvw01-lab-gw1,SJC
bxb23-lab-gw1,RTP
bxb23-lab-gw2,RTP
cae02-lab-gw1,NTN
cae02-lab-gw2,NTN
cai02-lab-gw1,AER
cas02-lab-gw1,AER
cbr04-lab-gw1,SNGIDC
cgn03-lab-gw1,AER
cgn03-lab-gw2,AER
chg12-lab-gw1,RTP
chg12-lab-gw2,RTP
chn08-lab-gw1,CHNIDC
chn09-lab-gw1,CHNIDC
chn09-lab-gw2,CHNIDC
cjs04-lab-gw1,ALLN
clg5-lab-gw1,OTTO
clg5-lab-gw2,OTTO
cmb03-lab-gw1,CHNIDC
cosm02-lab-gw1,Unknown Host
cph06-lab-gw1,LONCAF
csb03-lab-gw1,Unknown Host
csb03-lab-gw2,Unknown Host
csb04-lab-gw1,SJC
csb04-lab-gw2,SJC
csv-lab-gw1,AER
cwy01-lab-gw1,LONCAF
cwy01-lab-gw2,LONCAF
dbi03-lab-gw1,AER
dblir3-lab-gw1,LONCAF
dgm-lab-gw1,AMS
dgm2-lab-gw1,AER
dgm2-lab-gw2,AER
dgm2-lab-gw3,AER
dgm3-lab-gw1,AER
dgm3-lab-gw2,AMS
dlc02-lab-gw1,SHNIDC
dlc02-lab-gw2,SHNIDC
dlf1-lab-gw1,AER
doh03-lab-gw1,AER
els01-lab-gw1,AER
embsys2-in-lab-gw1,CHNIDC
embsys2-in-lab-gw2,CHNIDC
esp02-lab-gw1,AER
est1-jo-lab-gw1,Unknown Host
est1-jo-lab-gw2,Unknown Host
fka1-lab-gw1,TYOIDC
fkf3-lab-gw1,AER
fkf3-lab-gw2,AER
foxc1-cn-lab-gw1,SHNIDC
ful01-fw1,RTP
ful01-lab-gw1,RTP
ful01-lab-gw2,RTP
gai03-lab-gw1,RTP
gai03-lab-gw2,RTP
ggn01-lab-gw1,CHNIDC
ggn01-lab-gw2,CHNIDC
glj3-lab-gw1,ALLN
gng03-lab-gw1,SHNIDC
got-lab-gw1,AER
gpk03-lab-gw1,LONCAF
gpk03-lab-gw2,LONCAF
gwy03-lab-gw1,LONCAF
hal01-lab-gw1,Unknown Host
hbg-lab-gw1,AER
hcl14-in-lab-gw1,CHNIDC
hcl14-in-lab-gw2,CHNIDC
hcl17-in-lab-gw1,CHNIDC
hcl17-in-lab-gw2,CHNIDC
hcl19-in-lab-gw1,BGL
hcl19-in-lab-gw2,BGL
hcl7-in-lab-gw1,Unknown Host
hcl7-in-lab-gw2,Unknown Host
hfe02-lab-gw1,SHNIDC
hfe02-lab-gw2,SHNIDC
hgh05-lab-gw1,SHNIDC
hgh06-ext-lab-gw1,SHNIDC
hgh06-ext-lab-gw2,SHNIDC
hkg1-lab-gw1,SHNIDC
hkg1-lab-gw2,SHNIDC
hni05-lab-gw1,SNGIDC
hrn6-lab-gw1,RTP
hrn6-lab-gw2,RTP
ibm3-bg-lab-gw1,Unknown Host
ibm3-bg-lab-gw2,Unknown Host
infy9-in-lab-gw1,BGL
ips02-lab-gw1,LONCAF
irv8-lab-gw1,SJC
ist2-lab-gw1,AER
jkt05-lab-gw1,SNGIDC
jkt05-lab-gw2,SNGIDC
kjk04-lab-gw1,AER
knv-lab-gw1,RTP
krk02-lab-gw1,Unknown Host
krk04-lab-gw1,AER
krk07-lab-gw1,Unknown Host
krk07-lab-gw2,Unknown Host
kul02-lab-gw1,SNGIDC
kwi01-lab-gw1,AER
lion3-pl-lab-gw1,AER
lju02-lab-gw1,AER
lma1-lab-gw1,RTP
lon06-lab-gw1,LONCAF
lon07-lab-gw1,LONCAF
los03-lab-gw1,AER
lux1-lab-gw1,AER
lwr01-lab-gw1,RTP
lwr01-lab-gw2,RTP
lys01-lab-gw1,AER
lys01-lab-gw2,AER
man3-lab-gw1,LONCAF
mdr1-lab-gw1,AER
mel03-lab-gw1,SNGIDC
mhm03-lab-gw1,AER
mil01-lab-gw1,AER
mil01-lab-gw2,AER
mim1-lab-gw1,RTP
mmb12-lab-gw1,CHNIDC
mmb12-lab-gw2,CHNIDC
mnl02-lab-gw1,SNGIDC
mrd01-lab-gw1,AER
mrd01-lab-gw2,AER
mtc2-in-lab-gw1,BGL
mtl02-lab-gw1,OTTO
muc07-lab-gw1,AER
musc01-lab-gw1,AER
mxc-14-lab-gw1,RCDN
mxc10-lab-gw1,ALLN
mxc10-lab-gw2,ALLN
nbo03-lab-gw1,AER
ngo1-lab-gw1,TYOIDC
nsd5-lab-gw1,SNGIDC
nsd5-lab-gw2,SNGIDC
ntn01-lab-gw1,NTN
ntn01-lab-gw2,NTN
nue01-lab-gw1,AER
nyc1-lab-gw1,RTP
nyc1-lab-gw2,RTP
ors03-lab-gw1,AER
ors03-lab-gw2,AER
osk04-lab-gw1,TYOIDC
ott01-lab-gw1,OTTO
ott02-lab-gw1,OTTO
par03-lab-gw1,AER
par03-lab-gw2,AER
pen3-lab-gw1,SNGIDC
pen3-lab-gw2,SNGIDC
pnq05-lab-gw1,BGL
pnq05-lab-gw2,BGL
prg5-lab-gw1,AER
prg5-lab-gw2,AER
prg7-lab-gw1,AER
prg7-lab-gw2,AER
prt3-lab-gw1,SYDIDC
rcdn5-dmzlab-gw2,RCDN
rcdn5-lab-gw1,RCDN
rcdn5-lab-gw2,RCDN
rcdn5-lab-sipt-sw1,RCDN
rcdn6-lab-gw1,RCDN
rcdn6-lab-gw2,RCDN
rcdn9-cd1-dmzaas-gw1,RCDN
rcdn9-cd1-lab-gw1,RCDN
rcdn9-cd2-dmzaas-gw2,RCDN
rcdn9-cd2-lab-gw2,RCDN
rcdn9-sdfa-dmzvaas-gw1,RCDN
rcdn9-sdfa-dmzvlab-gw1,RCDN
rcdn9-sdfc-dmzvaas-gw2,RCDN
req01-lab-gw1,RTP
req02-lab-gw1,RTP
rol01-lab-gw1,AER
rom2-lab-gw1,AER
rtp1-dmzlab-gw1,RTP
rtp1-dmzvaas-gw1,RTP
rtp1-lab-gw1,RTP
rtp1-lab-gw2,RTP
rtp10-00-lab-gw1,RTP
rtp10-00-lab-gw2,RTP
rtp10-cd-dmzaas-gw1,RTP
rtp10-cd-dmzvlab-gw1,RTP
rtp11-dmzlab-gw1,RTP
rtp11-lab-gw1,RTP
rtp11-lab-gw2,RTP
rtp12-00-lab-gw1,RTP
rtp12-00-lab-gw2,RTP
rtp2-lab-gw1,RTP
rtp3-lab-gw1,RTP
rtp4-00-lab-gw1,RTP
rtp4-00-lab-gw2,RTP
rtp5-dmzaas-gw1,RTP
rtp5-dmzlab-gw1,RTP
rtp5-dmzvlab-gw1,RTP
rtp5-lab-gw1,RTP
rtp5-lab-gw2,RTP
rtp6-lab-gw1,RTP
rtp6-lab-gw2,RTP
rtp7-dmzvaas-gw1,RTP
rtp7-lab-gw1,RTP
rtp7-lab-gw2,RTP
rtp8-lab-gw1,RTP
rtp8-lab-gw2,RTP
rtp9-lab-gw1,RTP
rtp9-lab-gw2,RTP
ryd4-lab-gw1,AER
schp01-lab-gw1,AER
sea1-lab-gw1,SJC
sea1-lab-gw2,SJC
shn15-lab-gw1,SHNIDC
shn15-lab-gw2,SHNIDC
shn17-lab-gw1,SHNIDC
shn17-lab-gw2,SHNIDC
shn4-lab-gw1,SHNIDC
shn4-lab-gw2,SHNIDC
shn6-lab-gw1,SHNIDC
shn7-lab-gw1,SHNIDC
shn7-lab-gw2,SHNIDC
sjc01-lab-gw1,SJC
sjc01-lab-gw2,SJC
sjc02-lab-gw1,SJC
sjc02-lab-gw2,SJC
sjc03-lab-gw1,SJC
sjc03-lab-gw2,SJC
sjc04-lab-gw1,SJC
sjc04-lab-gw2,SJC
sjc05-dmzvaas-gw1,SJC
sjc05-dmzvlab-gw1,SJC
sjc05-lab-gw1,SJC
sjc05-lab-gw2,SJC
sjc06-lab-gw1,SJC
sjc06-lab-gw2,SJC
sjc07-lab-gw1,SJC
sjc07-lab-gw2,SJC
sjc08-lab-gw1,SJC
sjc08-lab-gw2,SJC
sjc09-lab-gw1,SJC
sjc09-lab-gw2,SJC
sjc10-lab-gw1,SJC
sjc10-lab-gw2,SJC
sjc11-lab-gw1,SJC
sjc12-dmzvaas-gw1,SJC
sjc12-lab-gw1,SJC
sjc12-lab-gw2,SJC
sjc13-lab-gw1,SJC
sjc13-lab-gw2,SJC
sjc14-lab-gw1,SJC
sjc14-lab-gw2,SJC
sjc15-lab-gw1,SJC
sjc15-lab-gw2,SJC
sjc16-lab-gw1,SJC
sjc16-lab-gw2,SJC
sjc17-lab-gw1,SJC
sjc17-lab-gw2,SJC
sjc18-lab-gw1,SJC
sjc18-lab-gw2,SJC
sjc19-lab-gw1,SJC
sjc19-lab-gw2,SJC
sjc20-cz-sdlab-gw1,SJC
sjc20-cz-sdlab-gw2,SJC
sjc20-lab-gw1,SJC
sjc20-lab-gw2,SJC
sjc21-cz-sdlab-gw1,SJC
sjc21-cz-sdlab-gw2,SJC
sjc21-lab-gw1,SJC
sjc21-lab-gw2,SJC
sjc22-lab-gw1,SJC
sjc22-lab-gw2,SJC
sjc23-lab-gw1,SJC
sjc23-lab-gw2,SJC
sjc24-lab-gw1,SJC
sjc24-lab-gw2,SJC
sjcp-lab-gw1,SJC
sjcp-lab-gw2,SJC
sjocr02-lab-gw1,RTP
sla01-lab-gw1,OTTO
sla01-lab-gw2,OTTO
sng15-lab-gw1,SNGIDC
sng15-lab-gw2,SNGIDC
sngdc01-mda1-dmzaas-gw1,SNGIDC
sngdc01-mda2-dmzaas-gw2,SNGIDC
sngidc-dmzvlab-gw1,SNGIDC
sngidc-dmzvlab-gw2,SNGIDC
snt03-lab-gw1,RTP
sof2-lab-gw1,TYOIDC
sof7-lab-gw1,TYOIDC
sof7-lab-gw2,TYOIDC
sol2-lab-gw1,TYOIDC
spl1-lab-gw1,RTP
sprg01-lab-gw1,RCDN
sprg01-lab-gw2,RCDN
stg02-lab-gw1,AER
stk03-lab-gw1,AER
stk03-lab-gw2,AER
stk06-lab-gw1,AER
stk06-lab-gw2,AER
stld1-lab-gw1,SNGIDC
stld1-lab-gw2,SNGIDC
svta01-lab-gw1,SJC
syc02-lab-gw1,SJC
sykes1-co-lab-gw1,Unknown Host
sykes2-cr-lab-gw1,Unknown Host
szn04-lab-gw1,SHNIDC
szn05-lab-gw1,SHNIDC
tky7-lab-gw1,TYOIDC
tky7-lab-gw2,TYOIDC
tpe02-lab-gw1,TYOIDC
trn6-lab-gw1,OTTO
trn6-lab-gw2,OTTO
tul04-lab-gw1,RCDN
tul04-lab-gw2,RCDN
tun03-lab-gw1,AER
twl03-lab-gw1,AER
vbn02-lab-gw1,AER
vbn02-lab-gw2,AER
vmct04-lab-gw1,AER
vmct05-lab-gw1,AER
vmct05-lab-gw2,AER
vnaa-lab-gw1,AER
vnc2-lab-gw1,OTTO
waw02-lab-gw1,AER
wdf02-lab-gw1,AER
wln2-lab-gw1,SNGIDC
wlsn01-lab-gw1,AER
wlt06-lab-gw1,Unknown Host
wlt06-lab-gw2,Unknown Host
wnp02-lab-gw1,OTTO
wpr2-in-lab-gw1,BGL
wpr8-in-lab-gw1,Unknown Host
wshdc02-lab-gw1,RTP
yer03-lab-gw1,AER
zgr02-lab-gw1,AER
