gw,int,desc,labid
argrp4-in-lab-gw1,GigabitEthernet1/0/4,description ARGRP4-IN-10FL-SBSC-DMZ 47288 sranchan,LRT0047288
bgl14-00-lab-gw2,TenGigabitEthernet1/7,description BGL14-TACLAB-UC-GW2_30028, LRT0030028
bgl14-00-lab-gw2,TenGigabitEthernet1/1,description bgl14-gce-tac-gw2-9066, LRT0009066
ast04-lab-gw1,TenGigabitEthernet2/11,description To AST-04-GLS-CONSOLE : ID 48388 : hakhan, LRT0048388
bgl12-00-lab-gw2,TenGigabitEthernet1/4,description connected to 13827, LRT0013827
bgl11-00-lab-gw1,TenGigabitEthernet1/5,description to BGL11-LVL3-Lab1 ID:4643 (sammb),LRT0004643
bgl11-00-lab-gw1,TenGigabitEthernet2/1,description Media-Int-K2 51188, LRT0051188
bgl14-00-lab-gw1,TenGigabitEthernet1/1,description bgl14-gce-tac-gw1-9066, LRT0009066
bgl11-00-lab-gw2,TenGigabitEthernet2/1,description Media-Int-K2 51188, LRT0051188
bgl12-00-lab-gw1,TenGigabitEthernet1/2,description connected to 13827, LRT0013827
bgl16-00-lab-gw1,TenGigabitEthernet2/8,"description 55247 | DMZ | prajwnag@cisco.com, mohkuma2@cisco.com",LRT0055247
bgl16-00-lab-gw1,TenGigabitEthernet1/1,description Lab-ID:20867(BGL16-4-LAB2(Sparsha))_harshan_INC000022498436/INC000023127920 | LRT0020867,LRT0020867
bgl16-00-lab-gw1,TenGigabitEthernet2/6,"description 26607 | DMZ | prajwnag@cisco.com, mohkuma2@cisco.com",LRT0026607
bgl16-00-lab-gw1,TenGigabitEthernet2/5,"description 12006 | DMZ | prajwnag@cisco.com, mohkuma2@cisco.com",LRT0012006
bgl16-00-lab-gw2,TenGigabitEthernet1/6,description to Lab-ID:_11486_(BGL16-4-SSF-CRESCH-LAB-DC) | LRT0011486,LRT0011486
bgl16-00-lab-gw2,TenGigabitEthernet1/1,description Lab-ID:20867(BGL16-4-LAB2(Sparsha))_harshan_INC000022498436/INC000023127920 | LRT0020867,LRT0020867
beg02-lab-gw1,GigabitEthernet1/0/0,description Beg-office-Lab:4641 | LRT0004641,LRT0004641
bgt2-lab-gw1,GigabitEthernet1/0/0,description to BGT1 SE Lab:1363 LRT0001363,LRT0001363
bln2-lab-gw2,GigabitEthernet1/0/2,description to CNS Berlin:30268, LRT0030268
bln2-lab-gw1,GigabitEthernet1/0/2,description to CNS Berlin:30268, LRT0030268
bud01-lab-gw1,GigabitEthernet1/0/0,description Budapest Enterprise Field Lab:1303 | LRT0001303,LRT0001303
bua2-lab-gw1,GigabitEthernet1/0/0,description to Buenus aires Labs (4)- Contact Diego Garcia | 4599, LRT0004599
bxb23-lab-gw2,TenGigabitEthernet1/12,description BXB-300-MITG-LAB |aranatar| LRT0039208 | LRT0042808 | LRT0055063 | LRT0055063, LRT0039208
cwy01-lab-gw2,Gi0/0/2.1893,description to BSFT-1 cwy01-lab-gw1-Gi0/0/2.1893, LRT0055259
bxb23-lab-gw1,TenGigabitEthernet5/5,description BXB-300-MITG-LAB|aranatar| LRT0039208 | LRT0042808 | LRT0055063 | LRT0055063, LRT0039208
dgm2-lab-gw3,GigabitEthernet1/0/0,description GS-I lab | LRT0024227 | LRT0001302 | emear-gs-i-eng, LRT0024227
els01-lab-gw1,GigabitEthernet1/0/0,description ELS Lab | 13807, LRT0013807
cwy01-lab-gw1,Gi0/0/2.1893,description to BSFT-1 cwy01-lab-gw2-Gi0/0/2.1893, LRT0055259
dgm2-lab-gw2,GigabitEthernet1/0/2,description GS-I lab | LRT0024227 | LRT0001302 | emear-gs-i-eng, LRT0024227
hbg-lab-gw1,GigabitEthernet1/0/0,"description SE Test lab Hamburg | 2402 | mwietryc, kwintric, cvogt", LRT0002402
ful01-lab-gw1,GigabitEthernet1/0/0,description FUL01-LCore-1B | #42568, LRT0042568
ful01-lab-gw2,GigabitEthernet1/0/0,description FUL01-LCore-1B | #42568, LRT0042568
hgh06-ext-lab-gw1,TenGigabitEthernet1/2,description HGH05-2F Rack Lab | LRT0039008 | gls-chin | LRT0039008 | LRT0055047, LRT0039008
hni05-lab-gw1,GigabitEthernet1/0/1,description to backup link HNI05-02-VIETNAM:23527 | Contact:huyn2, LRT0023527
hni05-lab-gw1,GigabitEthernet1/0/0,description to HNI05-02-VIETNAM:23527 | Contact:huyn2, LRT0023527
ibm3-bg-lab-gw1,GigabitEthernet1/0/2,description 47828 | DMZ | rfilipov@cisco.com, LRT0047828
krk04-lab-gw1,TenGigabitEthernet5/16,description 55102 | DMZ | @cisco.com, LRT0055102
mdr1-lab-gw1,GigabitEthernet1/0/1,description Madrid Field Lab : Lab ID 4613 | LRT0004613, LRT0004613
lwr01-lab-gw2,TenGigabitEthernet1/14,description to LWR05-T-Lancope-Test : ID 43088 : camjense, LRT0043088
lwr01-lab-gw1,TenGigabitEthernet1/14,description to LWR05-T-Lancope-Test : ID 43088 : camjense, LRT0043088
mim1-lab-gw1,GigabitEthernet1/0/3,description to SE Lab LRT0002043 Moved from FTL2 to MIM1 LabID: 2717, LRT0002717
mim1-lab-gw1,GigabitEthernet1/0/4,description to SE Lab LRT0002043 Moved from FTL2 to MIM1 LabID: 2717, LRT0002717
mtl02-lab-gw1,GigabitEthernet1/0/0,description MTL02 Internal-Lab-ID-2276-jdesbien LRT0002276, LRT0002276
muc07-lab-gw1,GigabitEthernet1/0/0,description Main Field Lab | LRT0046728 | LRT0048148 | LRT0048088, LRT0046728
nyc1-lab-gw1,GigabitEthernet0/0/3,description TSEC lab ID 18548 LRT0018548, LRT0018548
nyc1-lab-gw1,GigabitEthernet1/0/2,description nyc1-lab-asbu-gw1 LabID:3810 LRT0003810, LRT0003810
prg5-lab-gw1,GigabitEthernet1/0/3,description PRG5-STG-Devlab | 39068, LRT0039068
pnq05-lab-gw2,TenGigabitEthernet1/1,description PNQ05A-210-LAB1 (15487)PNQ05A-210-LAB1 (15487) | LRT0015487 | LRT0014027 | LRT0014867 | LRT0055138, LRT0015487
pnq05-lab-gw1,TenGigabitEthernet1/4,description Lab ID:15487 | PNQ05A-210-LAB1 | Contact: biproy | LRT0015487 | LRT0014027 | LRT0014867 | LRT0055138, LRT0015487
ott02-lab-gw1,TenGigabitEthernet1/1,description Bldg1Lab LABID 1360 | LRT0001360 | LRT0004364 | LRT0004365, LRT0001360
ott02-lab-gw1,TenGigabitEthernet1/2,description SPELS_LABS-OTTAWA_2_4366_dansteve, LRT0004366
rcdn5-lab-gw2,TenGigabitEthernet1/15,description to RCDN5-CALO-GDP-GW2 37028 clhorton, LRT0037028
gpk03-lab-gw1,Port-channel50,description CXLABS-MAIN-LAB - IPNEC-UK | LRT0005474/5473/5472 | sub of LRT0003678, LRT0003678
rom2-lab-gw1,GigabitEthernet1/0/0,description Rome Field Lab : 2306 | LRT0002306, LRT0002306
gpk03-lab-gw2,Port-channel51,description CXLABS-MAIN-LAB - IPNEC-UK | LRT0005474/5473/5472 | sub of LRT0003678, LRT0003678
rtp1-lab-gw1,TenGigabitEthernet5/7,description Lab-ID: LRT0023127 | LRT0033808 (RTP-1-MITG Lab), LRT0033808
rtp1-lab-gw2,TenGigabitEthernet5/4,description Lab-ID: LRT0023127 | LRT0033808 (RTP-1-MITG Lab), LRT0033808
rtp10-00-lab-gw1,TenGigabitEthernet1/2,description kk1sw-gig0-1 - STS Lab - RTP10 3rd Floor SDF3.7 - dagogoi ID:6183, LRT0006183
rcdn5-lab-gw1,TenGigabitEthernet2/1,description RCDN5 CALO TAC GDP 37028 clhorton, LRT0037028
rcdn5-lab-gw1,TenGigabitEthernet2/7,description AS Network Deployment Mentoring 2103 (grogier), LRT0002103
rcdn5-lab-gw1,TenGigabitEthernet2/8,description Bldg5_RM_51.5G_12346_faskew, LRT0012346
rtp9-lab-gw2,TenGigabitEthernet1/3,description tiger720-gig6-1 - RTP9 Room 332 SDF - PTD Lab - LRT:4557 LRT0001822 LRT0006363 LRT0015607 | tcarey, LRT0001822
rtp9-lab-gw1,TenGigabitEthernet1/1,description tiger720-gig6-1 - RTP9 Room 332 SDF - PTD Lab - LRT:4557 LRT0001822 LRT0006363 LRT0015607 | tcarey, LRT0001822
sngidc-dmzvlab-gw1,Tunnel5,description to LAB TCEC-SNG11-DMZ : 28628,LRT0028628
shn15-lab-gw1,Vlan506,description SHN16/1-OvenLab | LRT0005219 || LRT0026847, LRT0005219
sjc09-lab-gw1,TenGigabitEthernet5/5,description Net Authenitcate Lab D: 30128, LRT0030128
sjc13-lab-gw2,TenGigabitEthernet5/10,description SJC13-GLS#45948 : hakhan, LRT0045948
sjc06-lab-gw1,TenGigabitEthernet5/8,description sjc06-AS-WebEx-spark-PDI-lab | 49888 | victolee, LRT0049888
sjc17-lab-gw2,TenGigabitEthernet5/4,description CMO-ESE-176 lab | 2458 | mdelator | bennduon, LRT0002458
sjc18-lab-gw2,TenGigabitEthernet1/10,description Lab ID : 4451 | LRT0004507, LRT0004507
sjc18-lab-gw1,TenGigabitEthernet1/2,description Lab ID : 4451 | LRT0004451, LRT0004451
sjc18-lab-gw1,TenGigabitEthernet1/10,description Lab ID : 4451 | LRT0004507, LRT0004451
sjc23-lab-gw2,TenGigabitEthernet5/6,description ARTG lab | 4275 | wiko, LRT0004275
wlsn01-lab-gw1,GigabitEthernet0/0/3,description Zurich SP Lab ID# 2705: | LRT0002705, LRT0002705
wlsn01-lab-gw1,GigabitEthernet1/0/0,description Zurich SP Lab ID# 2705: | LRT0002705,LRT0002705
sjc23-lab-gw1,TenGigabitEthernet5/4,"description Name:ARF, ID:1460 | wiko", LRT0001460
sjc23-lab-gw1,TenGigabitEthernet5/7,description ARTG lab | 4275 | wiko,LRT0004275
vmct05-lab-gw2,Port-channel10,description VMCT05 LAB | LRT0032408 | LRT0032768 | LRT0033788 | LRT0033948 | LRT0033968 | LRT0034008 | LRT0034508 | LRT0034468 | LRT0033949, LRT0032408
vmct05-lab-gw1,Port-channel10,description VMCT05 LAB | LRT0032408 | LRT0032768 | LRT0033788 | LRT0033948 | LRT0033968 | LRT0034008 | LRT0034508 | LRT0034468 | LRT0033949, LRT0032408
bgl11-00-lab-gw2,TenGigabitEthernet1/5,description to BGL11-LVL3-LAB1-GW2 ID:4643 (sammb),LRT0004643
ntn01-lab-gw2,GigabitEthernet0/2/14,description NTN_SEDONA_55759_mshalev,LRT0055759
ntn01-lab-gw2,GigabitEthernet0/2/12,description ASICS-NTN | 55621 | rbaduach,LRT0055621
ntn01-lab-gw1,GigabitEthernet0/2/14,description NTN_SEDONA_55759_mshalev,LRT0055759
ntn01-lab-gw1,GigabitEthernet0/2/12,description ASICS-NTN | 55621 | rbaduach,LRT0055621
sjc13-lab-gw1,TenGigabitEthernet5/10,description SJC13-GLS#45948 : hakhan,LRT0045948
sjc23-lab-gw2,TenGigabitEthernet5/9,description to ERBU CORBU Lab: jtabasz : 41908,LRT0041908
vmct05-lab-gw1,TenGigabitEthernet1/16,description OOB Lab - VMCT-GLS | 55568 | selmakie,LRT0055568
sjc23-lab-gw1,TenGigabitEthernet5/15,description to ERBU CORBU Lab: jtabasz : 41908,LRT0041908
